"Status","Start Time","Stop Time","Duration in ms","Parent Suite","Suite","Sub Suite","Test Class","Test Method","Name","Description"
"passed","Thu Oct 08 08:21:51 UTC 2026","Thu Oct 08 08:21:52 UTC 2026","368","Bookstore API Test Suite","Books API Tests","com.bookstore.api.tests.books.BooksApiTest","com.bookstore.api.tests.books.BooksApiTest","testCreateBook_InvalidData","Verify validation error when creating book with invalid data","Test verifies proper validation of book creation payload"
"passed","Thu Oct 08 08:21:58 UTC 2026","Thu Oct 08 08:21:59 UTC 2026","324","Bookstore API Test Suite","Authors API Tests","com.bookstore.api.tests.authors.AuthorsApiTest","com.bookstore.api.tests.authors.AuthorsApiTest","testDeleteAuthor_NotFound","Verify deletion of non-existent author","Test verifies behavior when deleting a non-existent author"
"passed","Thu Oct 08 08:22:01 UTC 2026","Thu Oct 08 08:22:01 UTC 2026","328","Bookstore API Test Suite","Authors API Tests","com.bookstore.api.tests.authors.AuthorsApiTest","com.bookstore.api.tests.authors.AuthorsApiTest","testGetAuthorById_Success","Verify successful retrieval of a specific author by ID","Test verifies that GET /Authors/{id} returns the correct author"
"passed","Thu Oct 08 08:21:55 UTC 2026","Thu Oct 08 08:21:55 UTC 2026","335","Bookstore API Test Suite","Books API Tests","com.bookstore.api.tests.books.BooksApiTest","com.bookstore.api.tests.books.BooksApiTest","testGetBookById_InvalidId","Verify validation error for invalid book ID","Test verifies that invalid ID format triggers validation error"
"passed","Thu Oct 08 08:22:00 UTC 2026","Thu Oct 08 08:22:00 UTC 2026","493","Bookstore API Test Suite","Authors API Tests","com.bookstore.api.tests.authors.AuthorsApiTest","com.bookstore.api.tests.authors.AuthorsApiTest","testGetAllAuthors_Success","Verify successful retrieval of all authors","Test verifies that GET /Authors returns 200 and a list of authors"
"passed","Thu Oct 08 08:21:54 UTC 2026","Thu Oct 08 08:21:54 UTC 2026","575","Bookstore API Test Suite","Books API Tests","com.bookstore.api.tests.books.BooksApiTest","com.bookstore.api.tests.books.BooksApiTest","testGetAllBooks_ResponseTime","Verify response time is acceptable","Test verifies that API response time is within acceptable limits"
"passed","Thu Oct 08 08:21:56 UTC 2026","Thu Oct 08 08:21:56 UTC 2026","339","Bookstore API Test Suite","Books API Tests","com.bookstore.api.tests.books.BooksApiTest","com.bookstore.api.tests.books.BooksApiTest","testUpdateBook_NotFound","Verify error when updating non-existent book","Test verifies proper error handling when updating non-existent book"
"passed","Thu Oct 08 08:21:54 UTC 2026","Thu Oct 08 08:21:55 UTC 2026","796","Bookstore API Test Suite","Books API Tests","com.bookstore.api.tests.books.BooksApiTest","com.bookstore.api.tests.books.BooksApiTest","testGetAllBooks_Success","Verify successful retrieval of all books","Test verifies that GET /Books returns 200 and a list of books"
"passed","Thu Oct 08 08:22:00 UTC 2026","Thu Oct 08 08:22:01 UTC 2026","310","Bookstore API Test Suite","Authors API Tests","com.bookstore.api.tests.authors.AuthorsApiTest","com.bookstore.api.tests.authors.AuthorsApiTest","testGetAuthorById_InvalidId","Verify validation error for invalid author ID","Test verifies that invalid ID format triggers validation error"
"passed","Thu Oct 08 08:21:56 UTC 2026","Thu Oct 08 08:21:57 UTC 2026","324","Bookstore API Test Suite","Books API Tests","com.bookstore.api.tests.books.BooksApiTest","com.bookstore.api.tests.books.BooksApiTest","testUpdateBook_PartialUpdate","Verify partial update of book fields","Test verifies updating only specific fields of a book"
"passed","Thu Oct 08 08:21:56 UTC 2026","Thu Oct 08 08:21:56 UTC 2026","347","Bookstore API Test Suite","Books API Tests","com.bookstore.api.tests.books.BooksApiTest","com.bookstore.api.tests.books.BooksApiTest","testGetBookById_Success","Verify successful retrieval of a specific book by ID","Test verifies that GET /Books/{id} returns the correct book"
"passed","Thu Oct 08 08:21:52 UTC 2026","Thu Oct 08 08:21:53 UTC 2026","382","Bookstore API Test Suite","Books API Tests","com.bookstore.api.tests.books.BooksApiTest","com.bookstore.api.tests.books.BooksApiTest","testDeleteBook_NotFound","Verify deletion of non-existent book","Test verifies behavior when deleting a non-existent book"
"passed","Thu Oct 08 08:21:59 UTC 2026","Thu Oct 08 08:21:59 UTC 2026","335","Bookstore API Test Suite","Authors API Tests","com.bookstore.api.tests.authors.AuthorsApiTest","com.bookstore.api.tests.authors.AuthorsApiTest","testDeleteAuthor_Success","Verify successful deletion of an author","Test verifies that DELETE /Authors/{id} removes an author successfully"
"passed","Thu Oct 08 08:21:52 UTC 2026","Thu Oct 08 08:21:52 UTC 2026","357","Bookstore API Test Suite","Books API Tests","com.bookstore.api.tests.books.BooksApiTest","com.bookstore.api.tests.books.BooksApiTest","testCreateBook_Success","Verify successful creation of a new book","Test verifies that POST /Books creates a new book successfully"
"passed","Thu Oct 08 08:21:59 UTC 2026","Thu Oct 08 08:21:59 UTC 2026","440","Bookstore API Test Suite","Authors API Tests","com.bookstore.api.tests.authors.AuthorsApiTest","com.bookstore.api.tests.authors.AuthorsApiTest","testGetAllAuthors_Headers","Verify required headers are present in response","Test verifies that response contains expected headers"
"passed","Thu Oct 08 08:21:55 UTC 2026","Thu Oct 08 08:21:56 UTC 2026","335","Bookstore API Test Suite","Books API Tests","com.bookstore.api.tests.books.BooksApiTest","com.bookstore.api.tests.books.BooksApiTest","testGetBookById_NotFound","Verify 404 error when getting non-existent book","Test verifies proper error handling for non-existent book ID"
"passed","Thu Oct 08 08:21:47 UTC 2026","Thu Oct 08 08:21:51 UTC 2026","4400","Bookstore API Test Suite","Books API Tests","com.bookstore.api.tests.books.BooksApiTest","com.bookstore.api.tests.books.BooksApiTest","testCreateBook_AllFields","Verify creation with all valid fields","Test verifies book creation with all fields populated"
"passed","Thu Oct 08 08:22:01 UTC 2026","Thu Oct 08 08:22:01 UTC 2026","332","Bookstore API Test Suite","Authors API Tests","com.bookstore.api.tests.authors.AuthorsApiTest","com.bookstore.api.tests.authors.AuthorsApiTest","testGetAuthorById_NotFound","Verify 404 error when getting non-existent author","Test verifies proper error handling for non-existent author ID"
"passed","Thu Oct 08 08:21:58 UTC 2026","Thu Oct 08 08:21:58 UTC 2026","349","Bookstore API Test Suite","Authors API Tests","com.bookstore.api.tests.authors.AuthorsApiTest","com.bookstore.api.tests.authors.AuthorsApiTest","testCreateAuthor_Success","Verify successful creation of a new author","Test verifies that POST /Authors creates a new author successfully"
"passed","Thu Oct 08 08:22:02 UTC 2026","Thu Oct 08 08:22:02 UTC 2026","327","Bookstore API Test Suite","Authors API Tests","com.bookstore.api.tests.authors.AuthorsApiTest","com.bookstore.api.tests.authors.AuthorsApiTest","testUpdateAuthor_PartialUpdate","Verify partial update of author fields","Test verifies updating only specific fields of an author"
"passed","Thu Oct 08 08:21:53 UTC 2026","Thu Oct 08 08:21:53 UTC 2026","593","Bookstore API Test Suite","Books API Tests","com.bookstore.api.tests.books.BooksApiTest","com.bookstore.api.tests.books.BooksApiTest","testGetAllBooks_Headers","Verify required headers are present in response","Test verifies that response contains expected headers"
"passed","Thu Oct 08 08:21:57 UTC 2026","Thu Oct 08 08:21:58 UTC 2026","342","Bookstore API Test Suite","Authors API Tests","com.bookstore.api.tests.authors.AuthorsApiTest","com.bookstore.api.tests.authors.AuthorsApiTest","testCreateAuthor_InvalidData","Verify validation error when creating author with invalid data","Test verifies proper validation of author creation payload"
"passed","Thu Oct 08 08:21:53 UTC 2026","Thu Oct 08 08:21:53 UTC 2026","322","Bookstore API Test Suite","Books API Tests","com.bookstore.api.tests.books.BooksApiTest","com.bookstore.api.tests.books.BooksApiTest","testDeleteBook_Success","Verify successful deletion of a book","Test verifies that DELETE /Books/{id} removes a book successfully"
"passed","Thu Oct 08 08:21:57 UTC 2026","Thu Oct 08 08:21:57 UTC 2026","327","Bookstore API Test Suite","Books API Tests","com.bookstore.api.tests.books.BooksApiTest","com.bookstore.api.tests.books.BooksApiTest","testUpdateBook_Success","Verify successful update of existing book","Test verifies that PUT /Books/{id} updates a book successfully"
"passed","Thu Oct 08 08:21:59 UTC 2026","Thu Oct 08 08:22:00 UTC 2026","455","Bookstore API Test Suite","Authors API Tests","com.bookstore.api.tests.authors.AuthorsApiTest","com.bookstore.api.tests.authors.AuthorsApiTest","testGetAllAuthors_ResponseTime","Verify response time is acceptable","Test verifies that API response time is within acceptable limits"
"passed","Thu Oct 08 08:22:01 UTC 2026","Thu Oct 08 08:22:02 UTC 2026","338","Bookstore API Test Suite","Authors API Tests","com.bookstore.api.tests.authors.AuthorsApiTest","com.bookstore.api.tests.authors.AuthorsApiTest","testGetAuthorsByBookId_Success","Verify retrieving authors by book ID","Test verifies retrieval of authors associated with a specific book"
"passed","Thu Oct 08 08:22:02 UTC 2026","Thu Oct 08 08:22:02 UTC 2026","315","Bookstore API Test Suite","Authors API Tests","com.bookstore.api.tests.authors.AuthorsApiTest","com.bookstore.api.tests.authors.AuthorsApiTest","testUpdateAuthor_NotFound","Verify error when updating non-existent author","Test verifies proper error handling when updating non-existent author"
"passed","Thu Oct 08 08:21:57 UTC 2026","Thu Oct 08 08:21:57 UTC 2026","375","Bookstore API Test Suite","Authors API Tests","com.bookstore.api.tests.authors.AuthorsApiTest","com.bookstore.api.tests.authors.AuthorsApiTest","testCreateAuthor_AllFields","Verify creation with all valid fields","Test verifies author creation with all fields populated"
"passed","Thu Oct 08 08:22:02 UTC 2026","Thu Oct 08 08:22:03 UTC 2026","343","Bookstore API Test Suite","Authors API Tests","com.bookstore.api.tests.authors.AuthorsApiTest","com.bookstore.api.tests.authors.AuthorsApiTest","testUpdateAuthor_Success","Verify successful update of existing author","Test verifies that PUT /Authors/{id} updates an author successfully"
